Datetime,Open,High,Low,Close,Volume
2024-03-24 21:00:00+00:00,2166.31,2181.41,2163.615,2171.805,124326
2024-03-25 21:00:00+00:00,2171.81,2200.175,2167.625,2178.74,146164
2024-03-26 21:00:00+00:00,2178.735,2197.675,2173.485,2194.86,116976
2024-03-27 21:00:00+00:00,2193.305,2236.33,2187.41,2233.12,162920
2024-03-31 21:00:00+00:00,2239.24,2265.775,2228.54,2251.67,164243
2024-04-01 21:00:00+00:00,2250.03,2281.155,2246.715,2280.815,190222
2024-04-02 21:00:00+00:00,2281.665,2301.27,2265.505,2299.93,209044
2024-04-03 21:00:00+00:00,2300.04,2305.65,2279.725,2291.21,171534
2024-04-04 21:00:00+00:00,2291.61,2330.525,2267.78,2330.16,224815
2024-04-07 21:00:00+00:00,2327.595,2354.155,2302.975,2339.15,257694
2024-04-08 21:00:00+00:00,2337.72,2365.395,2337.27,2352.41,227807
2024-04-09 21:00:00+00:00,2352.965,2360.15,2319.395,2333.865,235447
2024-04-10 21:00:00+00:00,2334.305,2377.755,2325.74,2372.285,217098
2024-04-11 21:00:00+00:00,2373.96,2431.59,2333.88,2344.235,326788
2024-04-14 21:00:00+00:00,2359.435,2387.645,2324.255,2383.51,289786
2024-04-15 21:00:00+00:00,2382.95,2398.38,2363.06,2383.13,314342
2024-04-16 21:00:00+00:00,2383.57,2395.64,2354.73,2361.095,256356
2024-04-17 21:00:00+00:00,2365.395,2392.86,2363.77,2379.05,236138
2024-04-18 21:00:00+00:00,2379.985,2417.92,2372.91,2392.07,322721
2024-04-21 21:00:00+00:00,2384.365,2388.65,2324.67,2327.24,252885
2024-04-22 21:00:00+00:00,2330.32,2334.51,2291.465,2322.13,311812
2024-04-23 21:00:00+00:00,2322.225,2337.385,2311.815,2315.95,244443
2024-04-24 21:00:00+00:00,2317.555,2344.93,2305.025,2332.49,245819
2024-04-25 21:00:00+00:00,2332.285,2352.64,2326.365,2338.05,210507
2024-04-28 21:00:00+00:00,2333.99,2346.83,2319.84,2335.55,214642
2024-04-29 21:00:00+00:00,2336.04,2336.41,2285.22,2286.21,189148
2024-04-30 21:00:00+00:00,2288.38,2328.43,2281.68,2319.56,219369
2024-05-01 21:00:00+00:00,2320.22,2326.515,2285.545,2303.8,222880
2024-05-02 21:00:00+00:00,2305.19,2320.705,2277.345,2301.81,211036
2024-05-05 21:00:00+00:00,2302.08,2332.225,2291.85,2323.995,195677
2024-05-06 21:00:00+00:00,2325.415,2329.98,2310.04,2314.135,185138
2024-05-07 21:00:00+00:00,2315.275,2321.53,2303.745,2308.69,144285
2024-05-08 21:00:00+00:00,2310.255,2347.25,2306.655,2346.245,193325
2024-05-09 21:00:00+00:00,2345.975,2378.56,2345.325,2360.565,208504
2024-05-12 21:00:00+00:00,2361.65,2364.555,2332.11,2336.14,162093
2024-05-13 21:00:00+00:00,2337.385,2359.705,2334.89,2358.035,166195
2024-05-14 21:00:00+00:00,2357.275,2390.315,2351.915,2386.13,205493
2024-05-15 21:00:00+00:00,2387.99,2397.515,2371.01,2376.955,192066
2024-05-16 21:00:00+00:00,2378.075,2422.79,2374.02,2414.715,176052
2024-05-19 21:00:00+00:00,2425.2,2450.125,2407.34,2426.53,224138
2024-05-20 21:00:00+00:00,2427.37,2433.995,2406.16,2421.025,230456
2024-05-21 21:00:00+00:00,2421.23,2426.615,2374.995,2379.175,237558
2024-05-22 21:00:00+00:00,2379.425,2383.785,2327.02,2328.67,276874
2024-05-23 21:00:00+00:00,2329.53,2347.54,2325.465,2334.0,166580
2024-05-26 21:00:00+00:00,2335.835,2358.565,2332.285,2351.375,126705
2024-05-27 21:00:00+00:00,2352.535,2364.175,2340.31,2361.385,189280
2024-05-28 21:00:00+00:00,2361.33,2361.615,2334.54,2338.145,161527
2024-05-29 21:00:00+00:00,2338.695,2351.905,2322.66,2343.34,205118
2024-05-30 21:00:00+00:00,2343.575,2359.725,2320.595,2327.2,203391
2024-06-02 21:00:00+00:00,2328.82,2354.77,2314.795,2350.635,226649
2024-06-03 21:00:00+00:00,2351.435,2352.885,2315.675,2327.01,231071
2024-06-04 21:00:00+00:00,2328.125,2357.425,2325.965,2355.28,190215
2024-06-05 21:00:00+00:00,2355.97,2378.6,2353.5,2376.09,209307
2024-06-06 21:00:00+00:00,2376.445,2387.785,2286.83,2294.155,275498
2024-06-09 21:00:00+00:00,2291.125,2313.865,2287.805,2310.995,150319
2024-06-10 21:00:00+00:00,2310.54,2320.0,2297.8,2316.905,182302
2024-06-11 21:00:00+00:00,2316.685,2341.7,2310.75,2325.03,253456
2024-06-12 21:00:00+00:00,2324.74,2326.795,2295.59,2304.135,232552
2024-06-13 21:00:00+00:00,2303.775,2336.725,2301.605,2332.645,198693
2024-06-16 21:00:00+00:00,2331.23,2331.44,2310.02,2319.285,167115
2024-06-17 21:00:00+00:00,2320.295,2333.165,2306.65,2329.58,169498
2024-06-18 21:00:00+00:00,2329.005,2335.03,2323.78,2328.23,88930
2024-06-19 21:00:00+00:00,2330.075,2365.59,2327.765,2360.12,175642
2024-06-20 21:00:00+00:00,2359.665,2368.765,2316.785,2321.875,180701
2024-06-23 21:00:00+00:00,2321.03,2334.73,2317.775,2334.43,163356
2024-06-24 21:00:00+00:00,2333.945,2337.16,2315.59,2319.595,169421
2024-06-25 21:00:00+00:00,2320.13,2324.015,2293.69,2298.47,187602
2024-06-26 21:00:00+00:00,2298.84,2331.015,2296.61,2327.81,170158
2024-06-27 21:00:00+00:00,2327.105,2339.785,2319.105,2326.705,176722
2024-06-30 21:00:00+00:00,2323.32,2338.545,2318.605,2331.855,164745
2024-07-01 21:00:00+00:00,2331.875,2336.89,2319.13,2329.485,156836
2024-07-02 21:00:00+00:00,2330.335,2364.995,2326.885,2356.16,167602
2024-07-03 21:00:00+00:00,2356.955,2362.6,2350.51,2357.2,89609
2024-07-04 21:00:00+00:00,2357.03,2392.965,2348.62,2391.62,195599
2024-07-07 21:00:00+00:00,2389.41,2391.13,2351.09,2359.26,187976
2024-07-08 21:00:00+00:00,2359.125,2371.625,2349.485,2364.03,181350
2024-07-09 21:00:00+00:00,2363.9,2386.73,2363.15,2371.32,168686
2024-07-10 21:00:00+00:00,2371.93,2424.6,2371.34,2415.375,237015
2024-07-11 21:00:00+00:00,2413.075,2418.31,2391.52,2410.92,210057
2024-07-14 21:00:00+00:00,2411.81,2439.855,2401.405,2422.395,213404
2024-07-15 21:00:00+00:00,2422.08,2469.765,2420.08,2468.93,213594
2024-07-16 21:00:00+00:00,2467.82,2483.74,2451.57,2458.81,262838
2024-07-17 21:00:00+00:00,2458.755,2475.0,2440.415,2445.31,220149
2024-07-18 21:00:00+00:00,2444.495,2445.34,2393.88,2400.82,234446
2024-07-21 21:00:00+00:00,2403.82,2412.255,2383.93,2396.42,208530
2024-07-22 21:00:00+00:00,2397.595,2412.075,2388.31,2409.65,210650
2024-07-23 21:00:00+00:00,2408.785,2432.065,2396.86,2397.395,223357
2024-07-24 21:00:00+00:00,2397.855,2401.31,2353.195,2364.3,306369
2024-07-25 21:00:00+00:00,2364.505,2390.84,2355.875,2387.02,218330
2024-07-28 21:00:00+00:00,2388.395,2403.265,2369.65,2383.79,208280
2024-07-29 21:00:00+00:00,2382.525,2412.935,2376.535,2410.88,212759
2024-07-30 21:00:00+00:00,2410.74,2451.005,2403.94,2447.57,263144
2024-07-31 21:00:00+00:00,2447.77,2462.325,2430.275,2446.385,308308
2024-08-01 21:00:00+00:00,2447.24,2477.725,2410.885,2442.455,361892
2024-08-04 21:00:00+00:00,2441.94,2458.875,2364.39,2409.89,475567
2024-08-05 21:00:00+00:00,2411.395,2418.43,2381.56,2390.13,340393
2024-08-06 21:00:00+00:00,2390.195,2407.125,2379.05,2382.91,290790
2024-08-07 21:00:00+00:00,2381.475,2427.755,2381.14,2427.27,265056
2024-08-08 21:00:00+00:00,2427.22,2437.085,2416.925,2431.265,223088
2024-08-11 21:00:00+00:00,2428.135,2473.225,2423.89,2472.205,180141
2024-08-12 21:00:00+00:00,2470.39,2476.99,2458.56,2465.055,205142
2024-08-13 21:00:00+00:00,2466.365,2480.125,2438.145,2447.95,224080
2024-08-14 21:00:00+00:00,2448.2,2470.155,2432.225,2456.645,226170
2024-08-15 21:00:00+00:00,2456.105,2509.82,2450.805,2508.14,223838
2024-08-18 21:00:00+00:00,2506.525,2507.535,2485.735,2504.285,220264
2024-08-19 21:00:00+00:00,2503.74,2531.765,2497.4,2514.11,229278
2024-08-20 21:00:00+00:00,2513.86,2519.985,2493.83,2512.25,213088
2024-08-21 21:00:00+00:00,2512.22,2514.73,2470.85,2484.72,222479
2024-08-22 21:00:00+00:00,2485.335,2518.4,2484.41,2512.59,230099
2024-08-25 21:00:00+00:00,2512.035,2526.9,2508.81,2517.955,198137
2024-08-26 21:00:00+00:00,2517.73,2526.01,2503.585,2524.88,201380
2024-08-27 21:00:00+00:00,2525.26,2529.135,2493.665,2504.69,205553
2024-08-28 21:00:00+00:00,2506.21,2528.74,2503.69,2521.215,219815
2024-08-29 21:00:00+00:00,2520.805,2526.925,2494.215,2503.4,223097
2024-09-01 21:00:00+00:00,2502.84,2507.33,2490.105,2499.42,127916
2024-09-02 21:00:00+00:00,2499.55,2506.35,2473.325,2492.95,241125
2024-09-03 21:00:00+00:00,2492.62,2500.345,2471.915,2495.545,209334
2024-09-04 21:00:00+00:00,2495.32,2523.525,2493.88,2516.815,217513
2024-09-05 21:00:00+00:00,2516.46,2529.3,2485.19,2497.565,264809
2024-09-08 21:00:00+00:00,2496.79,2507.265,2485.61,2506.41,222296
2024-09-09 21:00:00+00:00,2506.73,2518.535,2500.19,2516.735,207602
2024-09-10 21:00:00+00:00,2516.55,2529.09,2501.0,2511.675,270423
2024-09-11 21:00:00+00:00,2512.945,2560.13,2511.095,2558.74,241963
2024-09-12 21:00:00+00:00,2558.38,2586.16,2556.795,2578.715,251812
2024-09-15 21:00:00+00:00,2578.79,2589.715,2575.245,2582.665,179044
2024-09-16 21:00:00+00:00,2582.66,2587.02,2560.78,2569.59,202235
2024-09-17 21:00:00+00:00,2570.325,2600.29,2546.86,2559.3,270952
2024-09-18 21:00:00+00:00,2559.235,2594.945,2551.16,2586.91,296927
2024-09-19 21:00:00+00:00,2586.52,2625.79,2584.875,2622.235,272796
2024-09-22 21:00:00+00:00,2621.365,2634.905,2613.89,2628.63,226647
2024-09-23 21:00:00+00:00,2627.79,2664.38,2622.68,2657.26,280786
2024-09-24 21:00:00+00:00,2658.69,2670.605,2649.7,2656.995,250525
2024-09-25 21:00:00+00:00,2657.74,2685.64,2654.84,2672.435,280327
2024-09-26 21:00:00+00:00,2672.235,2674.375,2643.155,2658.755,297824
2024-09-29 21:00:00+00:00,2661.815,2666.05,2624.78,2634.69,295187
2024-09-30 21:00:00+00:00,2633.53,2673.26,2633.31,2663.61,243087
2024-10-01 21:00:00+00:00,2661.92,2663.445,2641.18,2658.75,252533
2024-10-02 21:00:00+00:00,2658.77,2663.015,2637.015,2656.11,381640
2024-10-03 21:00:00+00:00,2655.95,2670.24,2632.015,2653.84,474382
2024-10-06 21:00:00+00:00,2651.39,2659.66,2637.77,2642.585,461636
2024-10-07 21:00:00+00:00,2642.085,2653.115,2604.82,2621.965,599562
2024-10-08 21:00:00+00:00,2622.11,2624.375,2605.21,2607.835,460104
2024-10-09 21:00:00+00:00,2607.735,2631.565,2604.39,2629.92,479448
2024-10-10 21:00:00+00:00,2628.62,2661.475,2628.18,2657.18,381892
2024-10-13 21:00:00+00:00,2648.805,2666.875,2643.245,2648.785,353104
2024-10-14 21:00:00+00:00,2649.215,2668.965,2638.105,2662.695,477113
2024-10-15 21:00:00+00:00,2662.285,2685.465,2658.8,2673.93,442562
2024-10-16 21:00:00+00:00,2674.605,2696.8,2673.165,2693.01,475142
2024-10-17 21:00:00+00:00,2693.045,2722.65,2692.395,2721.9,465068
2024-10-20 21:00:00+00:00,2723.09,2740.6,2714.235,2719.675,528217
2024-10-21 21:00:00+00:00,2719.36,2748.975,2719.16,2748.96,443910
2024-10-22 21:00:00+00:00,2747.33,2758.525,2708.755,2715.59,512342
2024-10-23 21:00:00+00:00,2716.415,2743.325,2716.215,2736.08,447138
2024-10-24 21:00:00+00:00,2735.95,2747.835,2717.1,2747.215,394283
2024-10-27 21:00:00+00:00,2734.065,2746.01,2724.755,2742.325,373977
2024-10-28 21:00:00+00:00,2741.45,2774.885,2739.87,2774.58,435490
2024-10-29 21:00:00+00:00,2773.51,2790.07,2770.925,2787.475,407257
2024-10-30 21:00:00+00:00,2786.87,2790.17,2731.635,2743.95,447593
2024-10-31 21:00:00+00:00,2745.37,2762.275,2733.255,2736.45,439369
2024-11-03 22:00:00+00:00,2732.04,2748.24,2731.77,2736.605,397960
2024-11-04 22:00:00+00:00,2737.365,2750.09,2724.765,2743.91,357121
2024-11-05 22:00:00+00:00,2743.065,2749.78,2652.405,2659.12,789614
2024-11-06 22:00:00+00:00,2662.255,2710.52,2643.355,2706.84,532576
2024-11-07 22:00:00+00:00,2704.26,2710.43,2680.415,2684.455,483357
2024-11-10 22:00:00+00:00,2683.71,2686.165,2610.695,2619.595,455689
2024-11-11 22:00:00+00:00,2621.07,2627.235,2589.725,2598.29,486328
2024-11-12 22:00:00+00:00,2597.96,2618.92,2572.7,2572.83,494597
2024-11-13 22:00:00+00:00,2573.84,2581.445,2536.855,2564.72,543895
2024-11-14 22:00:00+00:00,2566.485,2576.045,2554.395,2563.22,490248
2024-11-17 22:00:00+00:00,2567.13,2615.145,2567.13,2612.04,432905
2024-11-18 22:00:00+00:00,2610.755,2639.53,2610.465,2632.2,464447
2024-11-19 22:00:00+00:00,2632.535,2655.485,2618.89,2650.46,412515
2024-11-20 22:00:00+00:00,2649.925,2673.595,2648.975,2669.645,392187
2024-11-21 22:00:00+00:00,2669.5,2716.4,2668.2,2716.335,498172
2024-11-24 22:00:00+00:00,2711.165,2721.42,2615.67,2625.62,557805
2024-11-25 22:00:00+00:00,2627.485,2642.02,2605.31,2632.955,448187
2024-11-26 22:00:00+00:00,2631.21,2658.275,2627.125,2636.09,346185
2024-11-27 22:00:00+00:00,2637.98,2649.735,2620.99,2637.6,245089
2024-11-28 22:00:00+00:00,2639.285,2666.35,2634.09,2650.35,374607
2024-12-01 22:00:00+00:00,2648.9,2651.905,2621.98,2638.955,480009
2024-12-02 22:00:00+00:00,2638.96,2655.665,2634.165,2643.885,387355
2024-12-03 22:00:00+00:00,2642.66,2657.235,2632.465,2650.215,334792
2024-12-04 22:00:00+00:00,2649.36,2655.635,2623.615,2631.925,288805
2024-12-05 22:00:00+00:00,2631.985,2645.73,2613.11,2633.33,374718
2024-12-08 22:00:00+00:00,2643.08,2676.48,2627.575,2660.62,366975
2024-12-09 22:00:00+00:00,2661.1,2695.595,2658.035,2693.875,336809
2024-12-10 22:00:00+00:00,2695.145,2721.27,2675.465,2718.245,309607
2024-12-11 22:00:00+00:00,2717.81,2726.295,2675.165,2680.825,242708
2024-12-12 22:00:00+00:00,2680.705,2692.865,2646.22,2648.68,376381
2024-12-15 22:00:00+00:00,2648.86,2664.475,2643.595,2652.805,311149
2024-12-16 22:00:00+00:00,2652.26,2658.74,2633.16,2646.6,339064
2024-12-17 22:00:00+00:00,2646.88,2651.785,2583.915,2585.61,409117
2024-12-18 22:00:00+00:00,2587.54,2626.44,2586.46,2594.505,435451
2024-12-19 22:00:00+00:00,2594.18,2631.92,2589.665,2623.61,349045
2024-12-22 22:00:00+00:00,2622.21,2633.39,2608.26,2612.86,254727
2024-12-23 22:00:00+00:00,2614.795,2621.535,2610.105,2616.875,193946
2024-12-25 22:00:00+00:00,2615.31,2639.175,2615.145,2633.865,205673
2024-12-26 22:00:00+00:00,2633.3,2638.3,2611.715,2622.035,243524
2024-12-29 22:00:00+00:00,2622.075,2628.095,2596.185,2605.825,240683
2024-12-30 22:00:00+00:00,2606.065,2627.625,2602.76,2624.225,217481
2025-01-01 22:00:00+00:00,2625.07,2660.605,2621.775,2658.23,368164
2025-01-02 22:00:00+00:00,2657.82,2665.405,2636.705,2639.725,306038
2025-01-05 22:00:00+00:00,2639.88,2649.52,2614.635,2636.105,379010
2025-01-06 22:00:00+00:00,2635.965,2664.33,2633.0,2648.625,362049
2025-01-07 22:00:00+00:00,2648.655,2670.15,2645.37,2661.655,365853
2025-01-08 22:00:00+00:00,2662.24,2678.405,2655.635,2670.34,252089
2025-01-09 22:00:00+00:00,2670.45,2697.95,2664.075,2689.375,399847
2025-01-12 22:00:00+00:00,2689.32,2693.555,2656.835,2663.21,462679
2025-01-13 22:00:00+00:00,2664.465,2678.395,2659.89,2677.51,402658
2025-01-14 22:00:00+00:00,2676.94,2697.42,2669.365,2696.265,391645
2025-01-15 22:00:00+00:00,2696.16,2724.785,2690.05,2714.87,437295
2025-01-16 22:00:00+00:00,2714.215,2717.43,2699.3,2703.15,367941
2025-01-19 22:00:00+00:00,2703.135,2713.885,2689.375,2707.905,347524
2025-01-20 22:00:00+00:00,2708.015,2746.055,2702.815,2744.865,469784
2025-01-21 22:00:00+00:00,2744.55,2763.435,2741.965,2756.345,375198
2025-01-22 22:00:00+00:00,2755.74,2758.97,2735.96,2754.855,392023
2025-01-23 22:00:00+00:00,2753.815,2786.06,2753.64,2770.885,388852
2025-01-26 22:00:00+00:00,2765.17,2772.745,2730.56,2740.655,428578
2025-01-27 22:00:00+00:00,2740.88,2765.09,2734.815,2763.42,280516
2025-01-28 22:00:00+00:00,2763.305,2766.265,2744.755,2760.09,345381
2025-01-29 22:00:00+00:00,2758.43,2798.605,2758.39,2794.17,397688
2025-01-30 22:00:00+00:00,2794.425,2817.215,2791.07,2797.94,431343
2025-02-02 22:00:00+00:00,2801.655,2830.755,2772.215,2814.71,547265
2025-02-03 22:00:00+00:00,2813.3,2845.47,2807.275,2842.33,461625
2025-02-04 22:00:00+00:00,2841.36,2882.31,2839.74,2867.195,424886
2025-02-05 22:00:00+00:00,2867.785,2873.34,2834.27,2855.92,437098
2025-02-06 22:00:00+00:00,2856.015,2886.855,2852.595,2861.23,453330
2025-02-09 22:00:00+00:00,2861.84,2911.965,2860.405,2908.175,401753
2025-02-10 22:00:00+00:00,2911.95,2942.78,2881.56,2897.615,555120
2025-02-11 22:00:00+00:00,2898.025,2909.265,2864.33,2903.96,442708
2025-02-12 22:00:00+00:00,2904.79,2929.48,2900.545,2928.33,353609
2025-02-13 22:00:00+00:00,2928.05,2939.98,2877.025,2882.482,464209
2025-02-16 22:00:00+00:00,2893.375,2906.525,2878.785,2898.49,259373
2025-02-17 22:00:00+00:00,2898.71,2936.955,2892.07,2935.465,271934
2025-02-18 22:00:00+00:00,2935.06,2947.08,2918.64,2933.26,315649
2025-02-19 22:00:00+00:00,2934.175,2954.955,2924.035,2939.35,309995
2025-02-20 22:00:00+00:00,2939.43,2949.93,2916.82,2936.05,325676
2025-02-23 22:00:00+00:00,2939.785,2956.31,2921.475,2952.065,331081
2025-02-24 22:00:00+00:00,2952.84,2953.425,2888.18,2915.045,411149
2025-02-25 22:00:00+00:00,2915.835,2930.18,2890.865,2916.275,280936
2025-02-26 22:00:00+00:00,2915.98,2920.815,2867.795,2877.195,403756
2025-02-27 22:00:00+00:00,2876.52,2885.24,2832.72,2858.14,382103
2025-03-02 22:00:00+00:00,2873.14,2895.21,2859.0,2892.985,321040
2025-03-03 22:00:00+00:00,2892.7,2927.91,2881.98,2917.85,367823
2025-03-04 22:00:00+00:00,2917.885,2929.98,2894.35,2919.25,441544
2025-03-05 22:00:00+00:00,2918.685,2926.72,2891.15,2911.02,386680
2025-03-06 22:00:00+00:00,2912.935,2930.54,2896.91,2910.705,417408
2025-03-09 21:00:00+00:00,2912.41,2918.385,2880.31,2889.5,396067
2025-03-10 21:00:00+00:00,2889.865,2922.225,2880.25,2915.695,291850
2025-03-11 21:00:00+00:00,2915.36,2940.69,2906.11,2933.61,337332
2025-03-12 21:00:00+00:00,2934.88,2989.3,2932.98,2988.695,345927
2025-03-13 21:00:00+00:00,2984.23,3005.04,2978.505,2984.91,363345
2025-03-16 21:00:00+00:00,2988.225,3001.975,2982.34,3001.13,270148
2025-03-17 21:00:00+00:00,3001.16,3038.35,2999.46,3034.155,332192
2025-03-18 21:00:00+00:00,3033.97,3051.97,3022.885,3047.105,298149
2025-03-19 21:00:00+00:00,3048.72,3057.59,3025.73,3044.66,316860
2025-03-20 21:00:00+00:00,3045.005,3047.55,2999.465,3023.985,309314
2025-03-23 21:00:00+00:00,3023.165,3033.34,3002.495,3012.15,331253
2025-03-24 21:00:00+00:00,3011.705,3036.07,3007.54,3020.09,263099
2025-03-25 21:00:00+00:00,3021.175,3032.165,3012.33,3019.5,255582
2025-03-26 21:00:00+00:00,3020.345,3059.755,3017.655,3056.635,342724
2025-03-27 21:00:00+00:00,3056.07,3086.965,3054.235,3085.345,353796
2025-03-30 21:00:00+00:00,3093.01,3128.135,3076.805,3123.79,392488
2025-03-31 21:00:00+00:00,3124.935,3149.09,3100.87,3114.475,412995
2025-04-01 21:00:00+00:00,3114.095,3145.34,3104.79,3134.305,372550
2025-04-02 21:00:00+00:00,3131.44,3167.835,3054.19,3114.63,693813
2025-04-03 21:00:00+00:00,3114.52,3136.775,3015.65,3037.885,657932
2025-04-06 21:00:00+00:00,3030.77,3057.305,2956.565,2981.985,810929
2025-04-07 21:00:00+00:00,2982.095,3022.76,2974.795,2982.25,553299
2025-04-08 21:00:00+00:00,2982.735,3099.77,2969.97,3082.95,820992
2025-04-09 21:00:00+00:00,3080.48,3176.6,3071.505,3175.365,629330
2025-04-10 21:00:00+00:00,3179.765,3245.485,3177.26,3237.93,700015
2025-04-13 21:00:00+00:00,3222.955,3245.845,3193.63,3210.68,498309
2025-04-14 21:00:00+00:00,3212.565,3233.705,3210.065,3229.795,299096
2025-04-15 21:00:00+00:00,3230.675,3343.2,3230.675,3343.1,509424
2025-04-16 21:00:00+00:00,3348.59,3357.775,3283.955,3327.375,512706
2025-04-20 21:00:00+00:00,3332.26,3430.61,3331.405,3424.235,494825
2025-04-21 21:00:00+00:00,3427.86,3500.2,3366.905,3381.16,744924
2025-04-22 21:00:00+00:00,3324.79,3386.77,3260.19,3288.24,768840
2025-04-23 21:00:00+00:00,3306.065,3367.685,3305.375,3348.99,566955
2025-04-24 21:00:00+00:00,3348.99,3370.475,3265.135,3319.345,591934
2025-04-27 21:00:00+00:00,3326.365,3353.2,3268.11,3343.875,542740
2025-04-28 21:00:00+00:00,3345.445,3345.505,3299.675,3317.15,460457
2025-04-29 21:00:00+00:00,3317.76,3328.155,3266.91,3288.125,546378
2025-04-30 21:00:00+00:00,3285.68,3288.16,3201.955,3238.125,528390
2025-05-01 21:00:00+00:00,3239.43,3269.3,3222.755,3240.95,521603
2025-05-04 21:00:00+00:00,3238.295,3337.67,3237.79,3334.195,428088
2025-05-05 21:00:00+00:00,3333.575,3435.055,3322.755,3431.14,547508
2025-05-06 21:00:00+00:00,3416.75,3422.135,3360.2,3364.355,589195
2025-05-07 21:00:00+00:00,3372.725,3414.79,3288.805,3305.98,579177
2025-05-08 21:00:00+00:00,3310.125,3347.625,3274.81,3325.39,482671
2025-05-11 21:00:00+00:00,3325.39,3325.39,3207.79,3235.075,716172
2025-05-12 21:00:00+00:00,3237.93,3265.785,3215.855,3250.18,470697
2025-05-13 21:00:00+00:00,3252.0,3257.14,3168.065,3177.585,570898
2025-05-14 21:00:00+00:00,3181.06,3240.725,3120.765,3239.97,529743
2025-05-15 21:00:00+00:00,3241.785,3252.255,3154.3,3204.435,519739
2025-05-18 21:00:00+00:00,3215.99,3249.85,3206.725,3230.25,491613
2025-05-19 21:00:00+00:00,3228.025,3295.79,3204.67,3289.785,467227
2025-05-20 21:00:00+00:00,3292.7,3324.935,3285.34,3315.285,535988
2025-05-21 21:00:00+00:00,3319.9,3345.47,3279.235,3295.075,600271
2025-05-22 21:00:00+00:00,3297.8,3366.015,3287.075,3358.125,574167
2025-05-25 21:00:00+00:00,3351.4,3356.995,3323.5,3342.475,278328
2025-05-26 21:00:00+00:00,3346.38,3350.095,3285.25,3300.75,443306
2025-05-27 21:00:00+00:00,3304.215,3325.695,3276.355,3288.55,407199
2025-05-28 21:00:00+00:00,3289.59,3331.47,3245.56,3317.615,529729
2025-05-29 21:00:00+00:00,3317.9,3322.925,3271.46,3289.7,438027
2025-06-01 21:00:00+00:00,3303.415,3382.96,3299.955,3381.87,462311
2025-06-02 21:00:00+00:00,3384.53,3392.305,3333.17,3353.385,431488
2025-06-03 21:00:00+00:00,3356.735,3384.76,3343.815,3372.45,421934
2025-06-04 21:00:00+00:00,3374.615,3403.625,3339.35,3352.73,566553
2025-06-05 21:00:00+00:00,3356.29,3375.705,3307.195,3309.98,526434
2025-06-08 21:00:00+00:00,3317.785,3338.295,3293.5,3325.675,399702
2025-06-09 21:00:00+00:00,3324.31,3349.28,3302.015,3322.955,452360
2025-06-10 21:00:00+00:00,3322.375,3360.79,3315.59,3355.25,452153
2025-06-11 21:00:00+00:00,3357.905,3399.05,3338.59,3386.58,533020
2025-06-12 21:00:00+00:00,3383.865,3446.88,3379.535,3432.835,571241
2025-06-15 21:00:00+00:00,3440.55,3451.525,3382.54,3385.22,453837
2025-06-16 21:00:00+00:00,3388.445,3403.43,3366.115,3388.455,447315
2025-06-17 21:00:00+00:00,3395.865,3400.11,3362.605,3369.34,413183
2025-06-18 21:00:00+00:00,3371.415,3388.175,3347.53,3370.38,323930
2025-06-19 21:00:00+00:00,3369.735,3374.63,3340.415,3368.75,355093
2025-06-22 21:00:00+00:00,3383.825,3393.64,3347.035,3369.2,491676
2025-06-23 21:00:00+00:00,3358.435,3363.9,3295.315,3323.295,520023
2025-06-24 21:00:00+00:00,3322.825,3337.205,3312.055,3332.33,314119
2025-06-25 21:00:00+00:00,3334.315,3350.415,3309.99,3327.82,406423
2025-06-26 21:00:00+00:00,3325.33,3325.37,3255.85,3274.175,498230
2025-06-29 21:00:00+00:00,3271.595,3309.645,3244.415,3303.15,349536
2025-06-30 21:00:00+00:00,3303.3,3358.085,3302.395,3338.825,417477
2025-07-01 21:00:00+00:00,3340.125,3360.13,3327.655,3357.28,398563
2025-07-02 21:00:00+00:00,3359.515,3365.92,3311.625,3326.03,374849
2025-07-03 21:00:00+00:00,3324.24,3345.175,3323.66,3336.615,221035
2025-07-06 21:00:00+00:00,3341.57,3342.075,3296.28,3336.44,455727
2025-07-07 21:00:00+00:00,3340.5,3345.955,3287.11,3301.72,446340
2025-07-08 21:00:00+00:00,3302.83,3316.99,3282.665,3313.7,374939
2025-07-09 21:00:00+00:00,3315.76,3330.36,3310.175,3324.015,309275
2025-07-10 21:00:00+00:00,3325.94,3368.86,3321.915,3355.665,574663
2025-07-13 21:00:00+00:00,3362.375,3375.085,3341.09,3343.755,408348
2025-07-14 21:00:00+00:00,3343.085,3366.425,3320.305,3325.005,346030
2025-07-15 21:00:00+00:00,3326.32,3377.655,3319.695,3347.6,501040
2025-07-16 21:00:00+00:00,3350.96,3352.28,3309.79,3339.06,385375
2025-07-17 21:00:00+00:00,3341.45,3361.33,3331.885,3350.095,315254
2025-07-20 21:00:00+00:00,3348.84,3401.645,3344.905,3397.06,437620
2025-07-21 21:00:00+00:00,3399.3,3433.51,3383.42,3431.56,439625
2025-07-22 21:00:00+00:00,3430.92,3439.035,3381.42,3387.45,520909
2025-07-23 21:00:00+00:00,3390.855,3393.48,3351.465,3368.71,446288
2025-07-24 21:00:00+00:00,3369.45,3373.495,3325.115,3337.07,327004
2025-07-27 21:00:00+00:00,3329.475,3345.52,3301.765,3314.45,356384
2025-07-28 21:00:00+00:00,3313.84,3334.27,3308.16,3326.67,337900
2025-07-29 21:00:00+00:00,3327.68,3334.09,3268.12,3275.31,421634
2025-07-30 21:00:00+00:00,3277.29,3314.985,3276.285,3290.12,386902
2025-07-31 21:00:00+00:00,3291.675,3363.6,3281.745,3362.895,390786
2025-08-03 21:00:00+00:00,3364.795,3385.535,3345.005,3373.635,282187
2025-08-04 21:00:00+00:00,3376.195,3390.6,3349.89,3380.96,271323
2025-08-05 21:00:00+00:00,3381.475,3385.365,3358.255,3369.27,283438
2025-08-06 21:00:00+00:00,3372.44,3401.885,3365.305,3396.48,656244
2025-08-07 21:00:00+00:00,3400.325,3409.43,3376.575,3397.73,1314317
2025-08-10 21:00:00+00:00,3399.75,3401.395,3341.155,3342.67,588390
2025-08-11 21:00:00+00:00,3344.04,3359.34,3331.17,3348.345,411910
2025-08-12 21:00:00+00:00,3350.165,3370.825,3342.635,3355.695,318958
2025-08-13 21:00:00+00:00,3357.46,3374.805,3329.85,3335.585,364937
2025-08-14 21:00:00+00:00,3336.795,3348.915,3332.34,3335.7,227974
2025-08-17 21:00:00+00:00,3335.23,3358.49,3323.685,3332.895,275137
2025-08-18 21:00:00+00:00,3333.695,3345.465,3315.005,3315.7,208022
2025-08-19 21:00:00+00:00,3316.49,3350.275,3311.56,3348.485,246765
2025-08-20 21:00:00+00:00,3351.2,3352.3,3325.28,3338.71,247187
2025-08-21 21:00:00+00:00,3340.14,3378.835,3321.455,3371.23,304259
2025-08-24 21:00:00+00:00,3368.725,3376.375,3359.78,3365.72,152372
2025-08-25 21:00:00+00:00,3366.605,3393.745,3351.33,3393.745,356629
2025-08-26 21:00:00+00:00,3390.755,3398.79,3373.75,3397.72,298591
2025-08-27 21:00:00+00:00,3398.405,3423.18,3384.62,3417.06,383926
2025-08-28 21:00:00+00:00,3417.035,3453.97,3404.315,3447.435,486331
2025-08-31 21:00:00+00:00,3445.43,3489.845,3437.025,3476.365,390864
2025-09-01 21:00:00+00:00,3475.91,3540.06,3470.05,3533.545,707059
2025-09-02 21:00:00+00:00,3532.72,3578.66,3526.54,3559.26,608469
2025-09-03 21:00:00+00:00,3560.11,3564.155,3511.755,3545.895,548948
2025-09-04 21:00:00+00:00,3545.4,3600.205,3540.015,3586.545,717777
2025-09-07 21:00:00+00:00,3591.61,3646.545,3579.72,3635.85,605523
2025-09-08 21:00:00+00:00,3636.15,3674.695,3626.03,3626.315,653885
2025-09-09 21:00:00+00:00,3627.45,3657.61,3620.135,3640.585,493412
2025-09-10 21:00:00+00:00,3644.465,3649.345,3612.835,3634.12,485142
2025-09-11 21:00:00+00:00,3635.9,3656.7,3630.625,3643.085,411072
2025-09-14 21:00:00+00:00,3644.565,3685.695,3626.46,3678.79,490743
2025-09-15 21:00:00+00:00,3680.135,3703.24,3674.705,3689.855,476957
2025-09-16 21:00:00+00:00,3691.345,3707.555,3646.125,3659.975,619728
2025-09-17 21:00:00+00:00,3659.625,3673.205,3627.96,3644.18,569767
2025-09-18 21:00:00+00:00,3642.92,3685.74,3632.38,3684.975,490301
2025-09-21 21:00:00+00:00,3687.77,3748.86,3683.545,3746.355,504774
2025-09-22 21:00:00+00:00,3747.125,3791.255,3736.66,3764.205,570284
2025-09-23 21:00:00+00:00,3765.31,3779.34,3717.52,3736.165,388325
2025-09-24 21:00:00+00:00,3739.61,3761.69,3722.22,3749.44,466417
2025-09-25 21:00:00+00:00,3747.235,3783.885,3734.44,3759.855,407797
2025-09-28 21:00:00+00:00,3764.745,3834.3,3763.45,3833.88,555517
2025-09-29 21:00:00+00:00,3832.57,3871.89,3793.175,3858.45,538248
2025-09-30 21:00:00+00:00,3860.08,3895.5,3853.38,3865.53,508780
2025-10-01 21:00:00+00:00,3864.41,3897.13,3819.425,3856.56,537720
2025-10-02 21:00:00+00:00,3857.14,3891.76,3838.07,3886.455,486566
2025-10-05 21:00:00+00:00,3891.335,3970.2,3884.115,3960.69,631353
2025-10-06 21:00:00+00:00,3960.62,3991.135,3941.055,3984.33,643647
2025-10-07 21:00:00+00:00,3986.275,4059.35,3984.32,4041.9,613598
2025-10-08 21:00:00+00:00,4036.775,4058.11,3944.435,3976.24,931950
2025-10-09 21:00:00+00:00,3977.265,4023.0,3947.02,4016.68,957116
2025-10-12 21:00:00+00:00,4017.625,4117.42,3998.15,4110.335,727285
2025-10-13 21:00:00+00:00,4112.47,4179.935,4090.145,4142.625,920971
2025-10-14 21:00:00+00:00,4140.755,4218.405,4140.735,4207.74,689217
2025-10-15 21:00:00+00:00,4212.565,4330.9,4199.965,4326.065,780686
2025-10-16 21:00:00+00:00,4338.03,4380.99,4185.91,4254.21,1434888
2025-10-19 21:00:00+00:00,4267.075,4381.44,4219.115,4355.795,986412
2025-10-20 21:00:00+00:00,4366.33,4375.625,4080.58,4125.27,1157730
2025-10-21 21:00:00+00:00,4124.28,4161.535,4004.28,4099.4,1248986
2025-10-22 21:00:00+00:00,4110.085,4154.79,4065.9,4126.025,863600
2025-10-23 21:00:00+00:00,4125.85,4144.535,4043.515,4114.095,752918
2025-10-26 21:00:00+00:00,4085.7,4109.0,3971.445,3981.985,1001393
2025-10-27 21:00:00+00:00,3990.015,4019.805,3886.465,3953.0,840244
2025-10-28 21:00:00+00:00,3955.945,4030.34,3907.925,3930.595,968619
2025-10-29 21:00:00+00:00,3921.61,4027.235,3915.52,4024.525,870783
2025-10-30 21:00:00+00:00,4021.47,4046.595,3972.285,4002.81,856821
2025-11-02 22:00:00+00:00,3995.47,4030.825,3962.275,4001.605,714997
2025-11-03 22:00:00+00:00,4005.115,4005.27,3928.685,3932.1,649248
2025-11-04 22:00:00+00:00,3937.93,3990.565,3929.35,3980.115,448853
2025-11-05 22:00:00+00:00,3968.78,4019.645,3964.455,3977.14,633631
2025-11-06 22:00:00+00:00,3979.465,4027.595,3978.435,4001.275,527731
2025-11-09 22:00:00+00:00,4005.675,4116.69,4004.355,4115.41,585148
2025-11-10 22:00:00+00:00,4116.835,4149.1,4097.245,4126.505,420482
2025-11-11 22:00:00+00:00,4130.9,4211.795,4098.915,4195.21,748315
2025-11-12 22:00:00+00:00,4202.635,4245.195,4145.19,4171.745,943019
2025-11-13 22:00:00+00:00,4177.285,4211.435,4032.23,4085.805,778309
2025-11-16 22:00:00+00:00,4078.275,4106.705,4007.055,4045.655,644909
2025-11-17 22:00:00+00:00,4050.79,4082.58,3997.985,4067.425,643277
2025-11-18 22:00:00+00:00,4067.645,4132.985,4055.475,4077.85,631119
2025-11-19 22:00:00+00:00,4088.255,4110.37,4038.9,4077.535,944467
2025-11-20 22:00:00+00:00,4073.08,4101.07,4022.26,4065.01,988459
2025-11-23 22:00:00+00:00,4067.61,4139.89,4040.02,4133.975,656023
2025-11-24 22:00:00+00:00,4135.485,4159.38,4109.71,4130.55,811715
2025-11-25 22:00:00+00:00,4134.495,4173.5,4129.99,4163.575,656155
2025-11-26 22:00:00+00:00,4165.255,4168.75,4142.73,4158.8,326196
2025-11-27 22:00:00+00:00,4159.355,4226.915,4153.74,4215.82,344750
2025-11-30 22:00:00+00:00,4226.31,4264.7,4205.785,4232.29,1025159
2025-12-01 22:00:00+00:00,4231.77,4236.15,4163.805,4205.72,607504
2025-12-02 22:00:00+00:00,4202.48,4241.565,4194.645,4203.115,715542
2025-12-03 22:00:00+00:00,4206.465,4219.62,4174.81,4208.74,694734
2025-12-04 22:00:00+00:00,4209.36,4259.34,4192.055,4198.685,578935
2025-12-07 22:00:00+00:00,4198.685,4219.175,4176.205,4190.66,629093
2025-12-08 22:00:00+00:00,4191.48,4221.625,4169.985,4207.915,789877
2025-12-09 22:00:00+00:00,4209.445,4238.785,4182.08,4228.775,776913
2025-12-10 22:00:00+00:00,4228.245,4285.89,4204.27,4279.255,662969
2025-12-11 22:00:00+00:00,4282.93,4353.555,4257.275,4299.435,925472
2025-12-14 22:00:00+00:00,4302.985,4350.285,4285.515,4304.91,768024
2025-12-15 22:00:00+00:00,4307.67,4335.185,4271.575,4302.225,716081
2025-12-16 22:00:00+00:00,4303.6,4349.28,4302.405,4337.83,718088
2025-12-17 22:00:00+00:00,4338.89,4374.655,4308.67,4332.59,929583
2025-12-18 22:00:00+00:00,4335.855,4356.625,4309.095,4338.765,679517
2025-12-21 22:00:00+00:00,4340.905,4449.385,4339.9,4443.74,664100
2025-12-22 22:00:00+00:00,4449.18,4499.82,4430.515,4484.55,974236
2025-12-23 22:00:00+00:00,4488.59,4526.15,4448.26,4479.415,1016070
2025-12-25 22:00:00+00:00,4502.625,4550.15,4484.195,4533.21,1329248
2025-12-28 22:00:00+00:00,4542.75,4548.35,4302.11,4332.56,1404336
2025-12-29 22:00:00+00:00,4341.72,4404.375,4323.42,4339.405,1347853
2025-12-30 22:00:00+00:00,4341.855,4373.59,4274.025,4322.61,1254951
2026-01-01 22:00:00+00:00,4326.405,4402.295,4309.915,4332.065,905595
2026-01-04 22:00:00+00:00,4356.505,4455.77,4349.355,4449.17,1055397
2026-01-05 22:00:00+00:00,4454.8,4497.31,4427.635,4494.635,981375
2026-01-06 22:00:00+00:00,4498.54,4500.56,4423.385,4456.65,971791
2026-01-07 22:00:00+00:00,4461.955,4479.71,4407.835,4477.565,1196182
2026-01-08 22:00:00+00:00,4476.635,4517.25,4452.92,4509.66,895609
2026-01-11 22:00:00+00:00,4521.495,4630.19,4521.19,4597.65,1181137
2026-01-12 22:00:00+00:00,4597.62,4634.89,4569.47,4586.005,1074740
2026-01-13 22:00:00+00:00,4591.935,4642.97,4591.495,4626.575,1075410
2026-01-14 22:00:00+00:00,4624.17,4625.015,4581.065,4616.04,1127914
2026-01-15 22:00:00+00:00,4619.075,4620.975,4536.49,4596.32,916335
2026-01-18 22:00:00+00:00,4649.545,4690.94,4646.135,4670.295,602679
2026-01-19 22:00:00+00:00,4668.575,4766.4,4659.395,4763.37,836543
2026-01-20 22:00:00+00:00,4762.815,4888.545,4755.075,4831.38,1215796
2026-01-21 22:00:00+00:00,4816.795,4940.885,4772.27,4936.055,916176
2026-01-22 22:00:00+00:00,4952.295,4990.12,4899.795,4987.545,885057
2026-01-25 22:00:00+00:00,5015.245,5111.51,4990.215,5008.875,1518785
2026-01-26 22:00:00+00:00,5035.795,5190.51,5013.875,5180.625,1256445
2026-01-27 22:00:00+00:00,5181.64,5419.645,5157.21,5418.505,1603725
2026-01-28 22:00:00+00:00,5446.595,5602.225,5097.215,5370.31,2132772
2026-01-29 22:00:00+00:00,5419.64,5451.16,4679.51,4895.44,2680795
2026-02-01 22:00:00+00:00,4833.89,4884.56,4402.38,4661.04,2546554
2026-02-02 22:00:00+00:00,4704.1,4993.835,4695.53,4946.805,1755747
2026-02-03 22:00:00+00:00,4959.765,5091.93,4848.405,4964.455,1370236
2026-02-04 22:00:00+00:00,4995.96,5024.03,4759.48,4780.675,1834787
2026-02-05 22:00:00+00:00,4778.27,4971.34,4655.23,4964.62,1335238
2026-02-08 22:00:00+00:00,4989.93,5086.68,4965.42,5057.775,977881
2026-02-09 22:00:00+00:00,5057.535,5078.745,4987.385,5025.12,931050
2026-02-10 22:00:00+00:00,5033.585,5119.345,5019.715,5084.28,895337
2026-02-11 22:00:00+00:00,5095.495,5095.915,4878.5,4921.94,1005720
2026-02-12 22:00:00+00:00,4888.315,5046.48,4888.315,5042.74,893960
2026-02-15 22:00:00+00:00,5017.145,5032.565,4964.865,4992.005,396372
2026-02-16 22:00:00+00:00,4997.26,5001.24,4842.6,4877.96,980233
2026-02-17 22:00:00+00:00,4871.135,5010.915,4854.24,4977.26,655217
2026-02-18 22:00:00+00:00,4973.795,5022.385,4960.645,4996.49,615096
2026-02-19 22:00:00+00:00,5000.805,5108.72,4981.67,5107.535,790799
2026-02-22 22:00:00+00:00,5118.71,5237.95,5117.815,5226.87,784289
2026-02-23 22:00:00+00:00,5244.98,5250.005,5093.225,5143.925,846337
2026-02-24 22:00:00+00:00,5135.495,5217.78,5128.285,5163.32,689636
2026-02-25 22:00:00+00:00,5173.57,5205.64,5130.235,5185.205,853668
2026-02-26 22:00:00+00:00,5182.035,5281.155,5166.995,5278.51,812923
2026-03-01 22:00:00+00:00,5368.53,5419.66,5260.285,5321.935,1284395
2026-03-02 22:00:00+00:00,5344.96,5379.975,4996.275,5088.835,1612717
2026-03-03 22:00:00+00:00,5106.935,5206.265,5105.37,5140.945,1222464
2026-03-04 22:00:00+00:00,5152.485,5195.22,5050.905,5081.38,1239057
2026-03-05 22:00:00+00:00,5090.81,5176.63,5063.215,5171.5,1160013
2026-03-08 21:00:00+00:00,5171.95,5171.95,5015.045,5137.915,1393028
2026-03-09 21:00:00+00:00,5128.805,5238.775,5117.355,5192.51,832156
2026-03-10 21:00:00+00:00,5191.79,5223.385,5149.155,5176.48,629053
2026-03-11 21:00:00+00:00,5178.045,5191.79,5055.125,5079.255,802039
2026-03-12 21:00:00+00:00,5083.865,5128.475,5009.745,5020.6,692234
2026-03-15 21:00:00+00:00,5014.955,5038.145,4967.775,5006.565,864526
2026-03-16 21:00:00+00:00,5011.11,5044.9,4973.72,5005.755,664684
2026-03-17 21:00:00+00:00,5001.935,5016.53,4806.845,4818.415,907242
2026-03-18 21:00:00+00:00,4824.645,4867.225,4502.365,4651.2,1777650
2026-03-19 21:00:00+00:00,4659.99,4736.175,4477.54,4497.48,1538078
2026-03-22 21:00:00+00:00,4472.24,4536.415,4099.125,4406.505,2759449
2026-03-23 21:00:00+00:00,4382.825,4484.495,4305.88,4474.265,2120725
